Customer ID,income
1,35000
2,63000
3,64000
4,54000
5,63000
6,54000
7,63000
8,64000
9,54000
10,63000
11,63000
12,63000
13,54000
14,64000
15,63000
16,63000
17,54000
18,63000
19,63000
20,64000
21,63000
22,61000
23,63000
24,64000
25,63000
26,61000
27,63000
28,54000
29,64000
30,63000
31,54000
32,54000
33,61000
34,54000
35,63000
36,63000
37,54000
38,54000
39,63000
40,61000
41,54000
42,63000
43,64000
44,35000
45,64000
46,64000
47,54000
48,35000
49,54000
50,63000
51,54000
52,54000
53,63000
54,54000
55,54000
56,63000
57,54000
58,64000
59,63000
60,64000
61,63000
62,64000
63,64000
64,63000
65,64000
66,63000
67,64000
68,61000
69,64000
70,64000
71,64000
72,64000
73,63000
74,64000
75,54000
76,64000
77,63000
78,63000
79,35000
80,63000
81,63000
82,35000
83,54000
84,63000
85,63000
86,63000
87,63000
88,54000
89,54000
90,63000
91,63000
92,54000
93,35000
94,63000
95,54000
96,54000
97,63000
98,63000
99,63000
100,61000
101,64000
102,64000
103,61000
104,61000
105,64000
106,61000
107,63000
108,64000
109,61000
110,61000
111,54000
112,54000
113,54000
114,30000
115,63000
116,63000
117,63000
118,64000
119,30000
120,54000
121,63000
122,54000
123,64000
124,63000
125,54000
126,63000
127,54000
128,63000
129,64000
130,54000
131,63000
132,35000
133,63000
134,63000
135,63000
136,54000
137,63000
138,63000
139,63000
140,61000
141,64000
142,35000
143,64000
144,54000
145,63000
146,63000
147,54000
148,63000
149,54000
150,54000
151,54000
152,54000
153,63000
154,64000
155,54000
156,54000
157,54000
158,54000
159,54000
160,63000
161,63000
162,63000
163,63000
164,61000
165,64000
166,64000
167,54000
168,54000
169,63000
170,54000
171,63000
172,63000
173,54000
174,54000
175,54000
176,54000
177,63000
178,54000
179,54000
180,54000
181,54000
182,63000
183,54000
184,54000
185,63000
186,64000
187,64000
188,54000
189,63000
190,54000
191,64000
192,63000
193,64000
194,63000
195,63000
196,54000
197,63000
198,54000
199,54000
200,64000
201,63000
202,63000
203,63000
204,54000
205,54000
206,63000
207,63000
208,63000
209,63000
210,64000
211,63000
212,63000
213,54000
214,35000
215,63000
216,63000
217,54000
218,54000
219,54000
220,63000
221,64000
222,54000
223,54000
224,63000
225,54000
226,63000
227,54000
228,63000
229,63000
230,63000
231,64000
232,63000
233,63000
234,63000
235,63000
236,63000
237,63000
238,54000
239,63000
240,54000
241,63000
242,63000
243,64000
244,63000
245,54000
246,54000
247,54000
248,63000
249,63000
250,54000
251,54000
252,54000
253,54000
254,63000
255,63000
256,64000
257,63000
258,61000
259,64000
260,64000
261,64000
262,61000
263,63000
264,64000
265,64000
266,54000
267,61000
268,54000
269,63000
270,61000
271,54000
272,54000
273,63000
274,63000
275,63000
276,54000
277,63000
278,54000
279,63000
280,54000
281,63000
282,54000
283,63000
284,54000
285,63000
286,54000
287,63000
288,63000
289,54000
290,63000
291,35000
292,63000
293,64000
294,54000
295,64000
296,54000
297,54000
298,54000
299,63000
300,64000
301,63000
302,54000
303,63000
304,63000
305,54000
306,54000
307,54000
308,63000
309,54000
310,54000
311,54000
312,64000
313,63000
314,54000
315,54000
316,63000
317,63000
318,63000
319,54000
320,63000
321,63000
322,54000
323,35000
324,61000
325,63000
326,63000
327,63000
328,63000
329,63000
330,54000
331,64000
332,63000
333,61000
334,54000
335,63000
336,63000
337,35000
338,63000
339,61000
340,35000
341,54000
342,63000
343,54000
344,63000
345,63000
346,54000
347,61000
348,64000
349,61000
350,61000
351,63000
352,64000
353,61000
354,63000
355,64000
356,63000
357,54000
358,54000
359,30000
360,64000
361,64000
362,64000
363,64000
364,63000
365,54000
366,63000
367,54000
368,54000
369,63000
370,61000
371,64000
372,61000
373,63000
374,35000
375,64000
376,54000
377,64000
378,30000
379,63000
380,63000
381,63000
382,64000
383,54000
384,63000
385,63000
386,64000
387,61000
388,61000
389,63000
390,64000
391,61000
392,64000
393,63000
394,63000
395,54000
396,54000
397,63000
398,63000
399,35000
400,63000
401,63000
402,54000
403,63000
404,63000
405,63000
406,63000
407,64000
408,61000
409,64000
410,54000
411,63000
412,30000
413,54000
414,64000
415,64000
416,64000
417,63000
418,64000
419,54000
420,54000
421,54000
422,63000
423,54000
424,64000
425,64000
426,61000
427,54000
428,64000
429,63000
430,54000
431,54000
432,54000
433,54000
434,54000
435,63000
436,54000
437,54000
438,61000
439,54000
440,35000
441,35000
442,54000
443,54000
444,63000
445,63000
446,63000
447,54000
448,63000
449,54000
450,63000
451,63000
452,63000
453,35000
454,54000
455,63000
456,64000
457,64000
458,61000
459,63000
460,61000
461,64000
462,64000
463,64000
464,61000
465,63000
466,63000
467,35000
468,64000
469,63000
470,54000
471,63000
472,35000
473,54000
474,54000
475,63000
476,54000
477,54000
478,54000
479,63000
480,64000
481,64000
482,64000
483,64000
484,63000
485,61000
486,64000
487,35000
488,63000
489,63000
490,61000
491,64000
492,64000
493,64000
494,63000
495,63000
496,63000
497,54000
498,63000
499,63000
500,54000
501,63000
502,30000
503,64000
504,64000
505,63000
506,64000
507,64000
508,64000
509,54000
510,54000
511,64000
512,61000
513,35000
514,63000
515,54000
516,54000
517,63000
518,63000
519,35000
520,63000
521,35000
522,63000
523,64000
524,54000
525,35000
526,63000
527,54000
528,54000
529,54000
530,63000
531,35000
532,64000
533,61000
534,61000
535,64000
536,64000
537,64000
538,64000
539,35000
540,54000
541,54000
542,54000
543,63000
544,54000
545,63000
546,54000
547,63000
548,61000
549,61000
550,63000
551,63000
552,63000
553,54000
554,54000
555,63000
556,63000
557,35000
558,63000
559,63000
560,63000
561,54000
562,54000
563,64000
564,54000
565,54000
566,63000
567,54000
568,63000
569,63000
570,63000
571,54000
572,64000
573,63000
574,54000
575,35000
576,54000
577,63000
578,54000
579,64000
580,64000
581,64000
582,63000
583,61000
584,64000
585,61000
586,64000
587,64000
588,64000
589,63000
590,64000
591,63000
592,54000
593,54000
594,63000
595,63000
596,63000
597,63000
598,63000
599,54000
600,54000
601,54000
602,54000
603,54000
604,54000
605,64000
606,63000
607,64000
608,64000
609,61000
610,64000
611,63000
612,54000
613,54000
614,63000
615,63000
616,63000
617,54000
618,63000
619,64000
620,64000
621,64000
622,64000
623,64000
624,63000
625,35000
626,63000
627,64000
628,54000
629,64000
630,64000
631,61000
632,57000
633,63000
634,64000
635,63000
636,54000
637,63000
638,64000
639,54000
640,63000
641,63000
642,54000
643,54000
644,64000
645,64000
646,64000
647,64000
648,64000
649,64000
650,54000
651,64000
652,63000
653,63000
654,54000
655,54000
656,54000
657,64000
658,64000
659,64000
660,64000
661,64000
662,64000
663,64000
664,63000
665,64000
666,63000
667,63000
668,54000
669,64000
670,63000
671,61000
672,61000
673,64000
674,61000
675,54000
676,35000
677,63000
678,54000
679,54000
680,63000
681,64000
682,63000
683,61000
684,35000
685,63000
686,63000
687,63000
688,54000
689,54000
690,63000
691,30000
692,63000
693,54000
694,54000
695,64000
696,64000
697,64000
698,64000
699,61000
700,61000
701,64000
702,54000
703,63000
704,63000
705,63000
706,54000
707,54000
708,54000
709,63000
710,63000
711,64000
712,61000
713,61000
714,64000
715,61000
716,61000
717,54000
718,54000
719,54000
720,54000
721,54000
722,63000
723,63000
724,63000
725,61000
726,63000
727,64000
728,61000
729,63000
730,54000
731,54000
732,63000
733,64000
734,64000
735,54000
736,54000
737,63000
738,35000
739,54000
740,54000
741,63000
742,63000
743,64000
744,63000
745,64000
746,63000
747,64000
748,64000
749,63000
750,63000
751,35000
752,63000
753,63000
754,54000
755,35000
756,63000
757,64000
758,54000
759,63000
760,63000
761,63000
762,64000
763,64000
764,64000
765,64000
766,64000
767,63000
768,63000
769,54000
770,35000
771,64000
772,54000
773,64000
774,63000
775,63000
776,54000
777,35000
778,54000
779,63000
780,54000
781,54000
782,54000
783,64000
784,64000
785,64000
786,63000
787,63000
788,64000
789,35000
790,64000
791,64000
792,61000
793,64000
794,63000
795,54000
796,54000
797,54000
798,54000
799,64000
800,63000
801,64000
802,61000
803,64000
804,64000
805,64000
806,63000
807,63000
808,63000
809,54000
810,64000
811,64000
812,35000
813,54000
814,54000
815,54000
816,64000
817,63000
818,64000
819,61000
820,64000
821,64000
822,63000
823,63000
824,63000
825,54000
826,63000
827,54000
828,64000
829,54000
830,35000
831,63000
832,63000
833,61000
834,63000
835,63000
836,63000
837,54000
838,54000
839,64000
840,54000
841,63000
842,57000
843,64000
844,63000
845,64000
846,64000
847,54000
848,54000
849,54000
850,63000
851,54000
852,64000
853,63000
854,63000
855,63000
856,63000
857,54000
858,64000
859,54000
860,63000
861,64000
862,54000
863,63000
864,61000
865,63000
866,61000
867,63000
868,64000
869,63000
870,63000
871,63000
872,64000
873,54000
874,63000
875,64000
876,63000
877,63000
878,35000
879,54000
880,54000
881,63000
882,35000
883,63000
884,54000
885,64000
886,61000
887,63000
888,54000
889,63000
890,54000
891,54000
892,54000
893,63000
894,63000
895,54000
896,61000
897,64000
898,64000
899,63000
900,63000
901,63000
902,63000
903,63000
904,64000
905,54000
906,54000
907,64000
908,54000
909,64000
910,63000
911,64000
912,61000
913,63000
914,54000
915,54000
916,63000
917,63000
918,54000
919,54000
920,35000
921,63000
922,54000
923,63000
924,61000
925,63000
926,64000
927,63000
928,54000
929,63000
930,63000
931,63000
932,54000
933,54000
934,63000
935,54000
936,63000
937,54000
938,64000
939,63000
940,61000
941,64000
942,63000
943,64000
944,64000
945,61000
946,64000
947,61000
948,64000
949,64000
950,61000
951,63000
952,63000
953,63000
954,54000
955,63000
956,35000
957,63000
958,54000
959,54000
960,63000
961,64000
962,64000
963,61000
964,61000
965,64000
966,63000
967,63000
968,63000
969,35000
970,54000
971,35000
972,54000
973,54000
974,61000
975,63000
976,61000
977,63000
978,64000
979,54000
980,35000
981,54000
982,63000
983,63000
984,61000
985,61000
986,61000
987,63000
988,63000
989,63000
990,63000
991,54000
992,63000
993,54000
994,63000
995,54000
996,63000
997,64000
998,63000
999,61000
1000,54000
1001,54000
1002,54000
1003,54000
1004,35000
1005,63000
1006,54000
1007,64000
1008,54000
1009,54000
1010,63000
1011,63000
1012,63000
1013,63000
1014,63000
1015,54000
1016,63000
1017,54000
1018,54000
1019,61000
1020,61000
1021,61000
1022,63000
1023,63000
1024,63000
1025,63000
1026,54000
1027,54000
1028,64000
1029,63000
1030,61000
1031,64000
1032,63000
1033,64000
1034,63000
1035,54000
1036,63000
1037,63000
1038,63000
1039,54000
1040,54000
1041,63000
1042,64000
1043,64000
1044,64000
1045,64000
1046,64000
1047,54000
1048,63000
1049,54000
1050,54000
1051,64000
1052,64000
1053,63000
1054,63000
1055,63000
1056,63000
1057,54000
1058,63000
1059,64000
1060,64000
1061,64000
1062,61000
1063,63000
1064,63000
1065,54000
1066,64000
1067,54000
1068,63000
1069,61000
1070,61000
1071,64000
1072,63000
1073,63000
1074,63000
1075,54000
1076,54000
1077,64000
1078,64000
1079,63000
1080,64000
1081,63000
1082,54000
1083,63000
1084,64000
1085,63000
1086,64000
1087,61000
1088,63000
1089,63000
1090,54000
1091,64000
1092,63000
1093,54000
1094,54000
1095,64000
1096,63000
1097,63000
1098,54000
1099,64000
1100,64000
1101,61000
1102,61000
1103,63000
1104,64000
1105,54000
1106,54000
1107,54000
1108,54000
1109,54000
1110,63000
1111,54000
1112,54000
1113,63000
1114,54000
1115,64000
1116,61000
1117,63000
1118,61000
1119,63000
1120,63000
1121,54000
1122,63000
1123,63000
1124,63000
1125,54000
1126,64000
1127,54000
1128,64000
1129,64000
1130,63000
1131,54000
1132,54000
1133,35000
1134,63000
1135,64000
1136,63000
1137,61000
1138,64000
1139,63000
1140,54000
1141,54000
1142,63000
1143,63000
1144,63000
1145,54000
1146,64000
1147,64000
1148,61000
1149,54000
1150,61000
1151,64000
1152,63000
1153,64000
1154,54000
1155,63000
1156,64000
1157,63000
1158,63000
1159,54000
1160,63000
1161,64000
1162,64000
1163,64000
1164,63000
1165,63000
1166,63000
1167,63000
1168,61000
1169,63000
1170,63000
1171,63000
1172,54000
1173,54000
1174,54000
1175,63000
1176,54000
1177,54000
1178,35000
1179,63000
1180,64000
1181,64000
1182,54000
1183,63000
1184,64000
1185,54000
1186,54000
1187,63000
1188,63000
1189,54000
1190,54000
1191,35000
1192,54000
1193,35000
1194,30000
1195,54000
1196,63000
1197,63000
1198,61000
1199,64000
1200,61000
1201,64000
1202,64000
1203,63000
1204,63000
1205,63000
1206,54000
1207,63000
1208,63000
1209,30000
1210,54000
1211,63000
1212,63000
1213,54000
1214,61000
1215,61000
1216,54000
1217,64000
1218,63000
1219,63000
1220,64000
1221,30000
1222,63000
1223,54000
1224,54000
1225,63000
1226,54000
1227,63000
1228,54000
1229,64000
1230,64000
1231,63000
1232,61000
1233,54000
1234,30000
1235,54000
1236,63000
1237,63000
1238,63000
1239,54000
1240,63000
1241,64000
1242,63000
1243,63000
1244,54000
1245,61000
1246,61000
1247,64000
1248,63000
1249,54000
1250,35000
1251,64000
1252,63000
1253,61000
1254,63000
1255,63000
1256,64000
1257,54000
1258,54000
1259,64000
1260,64000
1261,63000
1262,54000
1263,63000
1264,54000
1265,63000
1266,63000
1267,63000
1268,63000
1269,54000
1270,63000
1271,54000
1272,64000
1273,61000
1274,63000
1275,63000
1276,63000
1277,63000
1278,63000
1279,63000
1280,64000
1281,63000
1282,64000
1283,64000
1284,63000
1285,54000
1286,63000
1287,54000
1288,54000
1289,63000
1290,63000
1291,54000
1292,63000
1293,54000
1294,63000
1295,64000
1296,64000
1297,54000
1298,63000
1299,63000
1300,63000
1301,63000
1302,54000
1303,63000
1304,63000
1305,63000
1306,54000
1307,54000
1308,64000
1309,63000
1310,54000
1311,63000
1312,63000
1313,54000
1314,54000
1315,54000
1316,54000
1317,54000
1318,63000
1319,35000
1320,63000
1321,63000
1322,63000
1323,54000
1324,63000
1325,63000
1326,64000
1327,64000
1328,64000
1329,63000
1330,35000
1331,61000
1332,64000
1333,61000
1334,63000
1335,61000
1336,64000
1337,63000
1338,64000
1339,63000
1340,63000
1341,54000
1342,63000
1343,54000
1344,54000
1345,64000
1346,54000
1347,63000
1348,63000
1349,64000
1350,64000
1351,64000
1352,64000
1353,63000
1354,63000
1355,54000
1356,63000
1357,63000
1358,64000
1359,54000
1360,63000
1361,64000
1362,54000
1363,63000
1364,63000
1365,54000
1366,63000
1367,54000
1368,35000
1369,64000
1370,54000
1371,64000
1372,54000
1373,54000
1374,64000
1375,61000
1376,64000
1377,64000
1378,54000
1379,61000
1380,54000
1381,54000
1382,63000
1383,54000
1384,64000
1385,54000
1386,64000
1387,54000
1388,63000
1389,61000
1390,61000
1391,64000
1392,63000
1393,35000
1394,54000
1395,63000
1396,54000
1397,63000
1398,63000
1399,63000
1400,63000
1401,54000
1402,64000
1403,63000
1404,54000
1405,64000
1406,64000
1407,61000
1408,63000
1409,63000
1410,63000
1411,63000
1412,63000
1413,64000
1414,54000
1415,54000
1416,64000
1417,63000
1418,63000
1419,63000
1420,63000
1421,63000
1422,54000
1423,64000
1424,63000
1425,54000
1426,30000
1427,63000
1428,63000
1429,54000
1430,63000
1431,54000
1432,54000
1433,63000
1434,54000
1435,64000
1436,61000
1437,64000
1438,61000
1439,61000
1440,64000
1441,64000
1442,64000
1443,63000
1444,54000
1445,54000
1446,63000
1447,63000
1448,54000
1449,54000
1450,64000
1451,64000
1452,64000
1453,64000
1454,61000
1455,61000
1456,63000
1457,63000
1458,54000
1459,63000
1460,63000
1461,54000
1462,63000
1463,63000
1464,63000
1465,63000
1466,63000
1467,35000
1468,54000
1469,63000
1470,63000
1471,54000
1472,54000
1473,63000
1474,35000
1475,63000
1476,64000
1477,64000
1478,64000
1479,61000
1480,64000
1481,54000
1482,54000
1483,54000
1484,63000
1485,54000
1486,63000
1487,61000
1488,61000
1489,64000
1490,63000
1491,63000
1492,54000
1493,54000
1494,54000
1495,63000
1496,54000
1497,63000
1498,54000
1499,57000
1500,61000
1501,64000
1502,61000
1503,54000
1504,63000
1505,63000
1506,63000
1507,54000
1508,54000
1509,54000
1510,64000
1511,64000
1512,63000
1513,64000
1514,54000
1515,63000
1516,54000
1517,64000
1518,64000
1519,63000
1520,64000
1521,54000
1522,63000
1523,30000
1524,63000
1525,35000
1526,64000
1527,64000
1528,54000
1529,63000
1530,64000
1531,54000
1532,64000
1533,63000
1534,63000
1535,63000
1536,64000
1537,54000
1538,64000
1539,63000
1540,54000
1541,54000
1542,54000
1543,54000
1544,54000
1545,54000
1546,63000
1547,63000
1548,63000
1549,61000
1550,64000
1551,63000
1552,63000
1553,64000
1554,63000
1555,64000
1556,54000
1557,54000
1558,63000
1559,64000
1560,63000
1561,64000
1562,61000
1563,64000
1564,54000
1565,63000
1566,63000
1567,64000
1568,63000
1569,61000
1570,63000
1571,64000
1572,61000
1573,54000
1574,61000
1575,54000
1576,63000
1577,63000
1578,63000
1579,63000
1580,63000
1581,63000
1582,63000
1583,63000
1584,54000
1585,63000
1586,61000
1587,57000
1588,63000
1589,63000
1590,35000
1591,54000
1592,54000
1593,63000
1594,64000
1595,63000
1596,54000
1597,64000
1598,64000
1599,54000
1600,63000
1601,63000
1602,63000
1603,63000
1604,63000
1605,54000
1606,63000
1607,54000
1608,63000
1609,57000
1610,64000
1611,54000
1612,61000
1613,61000
1614,54000
1615,54000
1616,54000
1617,63000
1618,54000
1619,54000
1620,63000
1621,54000
1622,64000
1623,61000
1624,64000
1625,64000
1626,63000
1627,64000
1628,64000
1629,63000
1630,54000
1631,54000
1632,54000
1633,63000
1634,54000
1635,63000
1636,35000
1637,54000
1638,61000
1639,61000
1640,57000
1641,54000
1642,63000
1643,63000
1644,63000
1645,64000
1646,54000
1647,54000
1648,63000
1649,61000
1650,63000
1651,35000
1652,63000
1653,63000
1654,30000
1655,63000
1656,63000
1657,54000
1658,63000
1659,54000
1660,63000
1661,54000
1662,64000
1663,61000
1664,54000
1665,63000
1666,63000
1667,61000
1668,61000
1669,64000
1670,64000
1671,30000
1672,64000
1673,63000
1674,64000
1675,63000
1676,54000
1677,61000
1678,64000
1679,61000
1680,54000
1681,54000
1682,54000
1683,54000
1684,54000
1685,64000
1686,63000
1687,63000
1688,54000
1689,54000
1690,64000
1691,54000
1692,61000
1693,64000
1694,64000
1695,61000
1696,63000
1697,54000
1698,63000
1699,54000
1700,63000
1701,63000
1702,64000
1703,54000
1704,54000
1705,63000
1706,63000
1707,63000
1708,64000
1709,64000
1710,64000
1711,63000
1712,63000
1713,63000
1714,63000
1715,54000
1716,35000
1717,54000
1718,63000
1719,54000
1720,54000
1721,63000
1722,54000
1723,54000
1724,63000
1725,64000
1726,63000
1727,63000
1728,54000
1729,54000
1730,54000
1731,63000
1732,64000
1733,61000
1734,64000
1735,61000
1736,61000
1737,63000
1738,64000
1739,64000
1740,63000
1741,54000
1742,30000
1743,30000
1744,35000
1745,63000
1746,63000
1747,64000
1748,54000
1749,63000
1750,64000
1751,64000
1752,54000
1753,54000
1754,63000
1755,54000
1756,54000
1757,35000
1758,64000
1759,63000
1760,63000
1761,54000
1762,64000
1763,61000
1764,61000
1765,64000
1766,61000
1767,63000
1768,54000
1769,54000
1770,54000
1771,54000
1772,63000
1773,64000
1774,63000
1775,64000
1776,64000
1777,64000
1778,63000
1779,63000
1780,63000
1781,35000
1782,63000
1783,54000
1784,54000
1785,54000
1786,54000
1787,54000
1788,54000
1789,63000
1790,63000
1791,63000
1792,64000
1793,63000
1794,54000
1795,63000
1796,63000
1797,64000
1798,54000
1799,63000
1800,54000
1801,63000
1802,63000
1803,54000
1804,63000
1805,54000
1806,63000
1807,61000
1808,64000
1809,61000
1810,54000
1811,64000
1812,63000
1813,63000
1814,54000
1815,63000
1816,54000
1817,63000
1818,54000
1819,63000
1820,54000
1821,54000
1822,63000
1823,63000
1824,63000
1825,63000
1826,61000
1827,64000
1828,61000
1829,64000
1830,54000
1831,63000
1832,63000
1833,54000
1834,63000
1835,63000
1836,61000
1837,64000
1838,54000
1839,63000
1840,63000
1841,54000
1842,54000
1843,54000
1844,63000
1845,64000
1846,54000
1847,54000
1848,54000
1849,54000
1850,54000
1851,54000
1852,54000
1853,54000
1854,54000
1855,54000
1856,54000
1857,64000
1858,61000
1859,63000
1860,63000
1861,54000
1862,63000
1863,63000
1864,54000
1865,63000
1866,63000
1867,64000
1868,64000
1869,61000
1870,61000
1871,64000
1872,35000
1873,54000
1874,63000
1875,63000
1876,64000
1877,63000
1878,54000
1879,63000
1880,63000
1881,64000
1882,35000
1883,54000
1884,64000
1885,54000
1886,63000
1887,63000
1888,54000
1889,63000
1890,61000
1891,64000
1892,63000
1893,63000
1894,63000
1895,63000
1896,54000
1897,63000
1898,54000
1899,54000
1900,64000
1901,64000
1902,61000
1903,63000
1904,64000
1905,61000
1906,54000
1907,63000
1908,54000
1909,63000
1910,63000
1911,61000
1912,64000
1913,54000
1914,35000
1915,54000
1916,63000
1917,35000
1918,54000
1919,54000
1920,63000
1921,54000
1922,54000
1923,64000
1924,61000
1925,54000
1926,63000
1927,54000
1928,63000
1929,63000
1930,63000
1931,35000
1932,63000
1933,54000
1934,61000
1935,64000
1936,64000
1937,63000
1938,63000
1939,35000
1940,54000
1941,63000
1942,64000
1943,63000
1944,35000
1945,63000
1946,63000
1947,63000
1948,54000
1949,54000
1950,63000
1951,61000
1952,54000
1953,63000
1954,63000
1955,63000
1956,54000
1957,54000
1958,63000
1959,63000
1960,54000
1961,63000
1962,64000
1963,64000
1964,63000
1965,63000
1966,63000
1967,54000
1968,63000
1969,63000
1970,63000
1971,63000
1972,63000
1973,63000
1974,61000
1975,63000
1976,64000
1977,61000
1978,54000
1979,54000
1980,54000
1981,63000
1982,54000
1983,54000
1984,63000
1985,63000
1986,63000
1987,54000
1988,63000
1989,64000
1990,64000
1991,64000
1992,61000
1993,61000
1994,64000
1995,64000
1996,63000
1997,63000
1998,54000
1999,54000
2000,63000
2001,63000
2002,54000
2003,63000
2004,54000
2005,64000
2006,54000
2007,64000
2008,64000
2009,64000
2010,64000
2011,64000
2012,35000
2013,30000
2014,54000
2015,61000
2016,63000
2017,63000
2018,54000
2019,63000
2020,54000
2021,63000
2022,63000
2023,63000
2024,64000
2025,61000
2026,64000
2027,64000
2028,64000
2029,61000
2030,64000
2031,35000
2032,54000
2033,63000
2034,63000
2035,54000
2036,63000
2037,54000
2038,54000
2039,61000
2040,63000
2041,57000
2042,54000
2043,61000
2044,63000
2045,63000
2046,35000
2047,35000
2048,63000
2049,54000
2050,54000
2051,63000
2052,64000
2053,63000
2054,63000
2055,54000
2056,57000
2057,64000
2058,64000
2059,64000
2060,63000
2061,54000
2062,63000
2063,63000
2064,54000
2065,54000
2066,54000
2067,64000
2068,64000
2069,61000
2070,64000
2071,64000
2072,64000
2073,63000
2074,63000
2075,54000
2076,54000
2077,54000
2078,54000
2079,63000
2080,63000
2081,63000
2082,54000
2083,63000
2084,64000
2085,63000
2086,54000
2087,54000
2088,63000
2089,54000
2090,54000
2091,61000
2092,64000
2093,64000
2094,64000
2095,63000
2096,63000
2097,64000
2098,54000
2099,64000
2100,64000
2101,64000
2102,64000
2103,64000
2104,61000
2105,64000
2106,54000
2107,54000
2108,54000
2109,54000
2110,54000
2111,63000
2112,54000
2113,63000
2114,63000
2115,63000
2116,63000
2117,63000
2118,63000
2119,63000
2120,35000
2121,64000
2122,64000
2123,54000
2124,63000
2125,61000
2126,64000
2127,63000
2128,63000
2129,64000
2130,54000
2131,63000
2132,54000
2133,54000
2134,54000
2135,54000
2136,54000
2137,35000
2138,54000
2139,63000
2140,63000
2141,61000
2142,64000
2143,63000
2144,64000
2145,63000
2146,64000
2147,61000
2148,61000
2149,64000
2150,63000
2151,63000
2152,54000
2153,54000
2154,54000
2155,63000
2156,63000
2157,54000
2158,61000
2159,54000
2160,64000
2161,64000
2162,63000
2163,63000
2164,54000
2165,54000
2166,54000
2167,54000
2168,63000
2169,54000
2170,54000
2171,54000
2172,63000
2173,54000
2174,63000
2175,64000
2176,54000
2177,63000
2178,61000
2179,63000
2180,54000
2181,54000
2182,63000
2183,54000
2184,63000
2185,54000
2186,64000
2187,64000
2188,54000
2189,54000
2190,54000
2191,54000
2192,54000
2193,30000
2194,64000
2195,54000
2196,54000
2197,30000
2198,35000
2199,54000
2200,54000
2201,63000
2202,64000
2203,63000
2204,64000
2205,64000
2206,61000
2207,61000
2208,61000
2209,54000
2210,54000
2211,54000
2212,54000
2213,54000
2214,63000
2215,54000
2216,63000
2217,63000
2218,54000
2219,63000
2220,54000
2221,63000
2222,64000
2223,64000
2224,63000
2225,63000
2226,54000
2227,64000
2228,63000
2229,63000
2230,35000
2231,54000
2232,54000
2233,54000
2234,35000
2235,63000
2236,63000
2237,63000
2238,63000
2239,63000
2240,63000
2241,63000
2242,54000
2243,64000
2244,63000
2245,54000
2246,64000
2247,63000
2248,35000
2249,64000
2250,64000
2251,61000
2252,64000
2253,64000
2254,64000
2255,63000
2256,61000
2257,64000
2258,64000
2259,63000
2260,63000
2261,64000
2262,64000
2263,61000
2264,64000
2265,54000
2266,54000
2267,54000
2268,30000
2269,54000
2270,63000
2271,63000
2272,35000
2273,64000
2274,54000
2275,63000
2276,54000
2277,63000
2278,54000
2279,54000
2280,54000
2281,64000
2282,54000
2283,63000
2284,54000
2285,54000
2286,54000
2287,63000
2288,64000
2289,63000
2290,64000
2291,63000
2292,64000
2293,64000
2294,63000
2295,64000
2296,64000
2297,54000
2298,63000
2299,63000
2300,63000
2301,63000
2302,54000
2303,64000
2304,64000
2305,63000
2306,54000
2307,63000
2308,64000
2309,64000
2310,64000
2311,57000
2312,64000
2313,64000
2314,35000
2315,63000
2316,63000
2317,35000
2318,54000
2319,63000
2320,54000
2321,64000
2322,63000
2323,63000
2324,63000
2325,64000
2326,64000
2327,54000
2328,63000
2329,64000
2330,61000
2331,64000
2332,61000
2333,64000
2334,54000
2335,63000
2336,54000
2337,63000
2338,63000
2339,54000
2340,63000
2341,63000
2342,54000
2343,54000
2344,35000
2345,64000
2346,54000
2347,64000
2348,63000
2349,61000
2350,64000
2351,61000
2352,63000
2353,57000
2354,64000
2355,63000
2356,61000
2357,61000
2358,61000
2359,54000
2360,63000
2361,63000
2362,54000
2363,54000
2364,63000
2365,64000
2366,54000
2367,63000
2368,63000
2369,54000
2370,54000
2371,54000
2372,54000
2373,63000
2374,63000
2375,64000
2376,63000
2377,64000
2378,61000
2379,63000
2380,63000
2381,63000
2382,54000
2383,54000
2384,54000
2385,54000
2386,64000
2387,54000
2388,63000
2389,64000
2390,64000
2391,54000
2392,54000
2393,63000
2394,64000
2395,64000
2396,61000
2397,64000
2398,61000
2399,61000
2400,63000
2401,35000
2402,64000
2403,54000
2404,63000
2405,63000
2406,54000
2407,63000
2408,54000
2409,64000
2410,64000
2411,61000
2412,61000
2413,64000
2414,63000
2415,63000
2416,54000
2417,63000
2418,63000
2419,54000
2420,63000
2421,54000
2422,54000
2423,54000
2424,63000
2425,54000
2426,64000
2427,63000
2428,63000
2429,63000
2430,63000
2431,63000
2432,63000
2433,64000
2434,54000
2435,63000
2436,63000
2437,54000
2438,54000
2439,63000
2440,54000
2441,54000
2442,64000
2443,61000
2444,64000
2445,64000
2446,64000
2447,61000
2448,63000
2449,54000
2450,63000
2451,63000
2452,54000
2453,63000
2454,64000
2455,54000
2456,64000
2457,63000
2458,63000
2459,63000
2460,35000
2461,63000
2462,64000
2463,64000
2464,63000
2465,63000
2466,54000
2467,63000
2468,63000
2469,35000
2470,61000
2471,64000
2472,64000
2473,54000
2474,35000
2475,54000
2476,64000
2477,54000
2478,63000
2479,63000
2480,54000
2481,54000
2482,35000
2483,64000
2484,64000
2485,64000
2486,64000
2487,61000
2488,63000
2489,63000
2490,54000
2491,54000
2492,63000
2493,63000
2494,63000
2495,54000
2496,63000
2497,63000
2498,54000
2499,54000
2500,61000
2501,61000
2502,54000
2503,54000
2504,63000
2505,64000
2506,63000
2507,63000
2508,63000
2509,54000
2510,63000
2511,63000
2512,63000
2513,54000
2514,61000
2515,64000
2516,61000
2517,61000
2518,64000
2519,64000
2520,64000
2521,35000
2522,63000
2523,63000
2524,54000
2525,54000
2526,63000
2527,54000
2528,63000
2529,63000
2530,63000
2531,63000
2532,54000
2533,64000
2534,64000
2535,61000
2536,61000
2537,63000
2538,63000
2539,63000
2540,54000
2541,54000
2542,63000
2543,35000
2544,54000
2545,63000
2546,64000
2547,54000
2548,64000
2549,63000
2550,35000
2551,63000
2552,54000
2553,54000
2554,54000
2555,54000
2556,54000
2557,54000
2558,54000
2559,54000
2560,54000
2561,35000
2562,64000
2563,61000
2564,61000
2565,64000
2566,54000
2567,64000
2568,54000
2569,54000
2570,63000
2571,63000
2572,54000
2573,54000
2574,63000
2575,54000
2576,63000
2577,63000
2578,63000
2579,64000
2580,61000
2581,64000
2582,35000
2583,63000
2584,54000
2585,54000
2586,63000
2587,54000
2588,63000
2589,63000
2590,63000
2591,54000
2592,63000
2593,63000
2594,63000
2595,54000
2596,54000
2597,63000
2598,64000
2599,64000
2600,61000
2601,61000
2602,64000
2603,54000
2604,54000
2605,35000
2606,54000
2607,54000
2608,63000
2609,63000
2610,63000
2611,63000
2612,54000
2613,61000
2614,64000
2615,54000
2616,63000
2617,63000
2618,54000
2619,63000
2620,54000
2621,63000
2622,54000
2623,64000
2624,63000
2625,54000
2626,63000
2627,64000
2628,64000
2629,54000
2630,61000
2631,64000
2632,63000
2633,64000
2634,61000
2635,63000
2636,63000
2637,63000
2638,30000
2639,35000
2640,63000
2641,63000
2642,63000
2643,54000
2644,63000
2645,63000
2646,63000
2647,63000
2648,64000
2649,64000
2650,64000
2651,64000
2652,64000
2653,64000
2654,63000
2655,63000
2656,63000
2657,54000
2658,63000
2659,64000
2660,63000
2661,54000
2662,54000
2663,64000
2664,63000
2665,64000
2666,64000
2667,61000
2668,64000
2669,30000
2670,63000
2671,63000
2672,63000
2673,64000
2674,63000
2675,64000
2676,54000
2677,63000
2678,63000
2679,64000
2680,54000
2681,63000
2682,54000
2683,63000
2684,64000
2685,64000
2686,61000
2687,64000
2688,64000
2689,54000
2690,64000
2691,63000
2692,63000
2693,63000
2694,63000
2695,61000
2696,63000
2697,64000
2698,54000
2699,61000
2700,63000
2701,35000
2702,63000
2703,63000
2704,64000
2705,63000
2706,54000
2707,64000
2708,54000
2709,64000
2710,64000
2711,64000
2712,61000
2713,63000
2714,63000
2715,54000
2716,54000
2717,54000
2718,54000
2719,64000
2720,63000
2721,54000
2722,64000
2723,54000
2724,54000
2725,61000
2726,63000
2727,63000
2728,64000
2729,54000
2730,63000
2731,63000
2732,54000
2733,61000
2734,63000
2735,54000
2736,63000
2737,63000
2738,54000
2739,63000
2740,54000
2741,63000
2742,54000
2743,63000
2744,63000
2745,64000
2746,63000
2747,54000
2748,54000
2749,54000
2750,63000
2751,63000
2752,61000
2753,57000
2754,63000
2755,64000
2756,63000
2757,63000
2758,63000
2759,63000
2760,63000
2761,54000
2762,35000
2763,54000
2764,64000
2765,54000
2766,54000
2767,54000
2768,64000
2769,63000
2770,63000
2771,54000
2772,63000
2773,57000
2774,63000
2775,64000
2776,64000
2777,61000
2778,63000
2779,63000
2780,35000
2781,63000
2782,35000
2783,54000
2784,54000
2785,54000
2786,54000
2787,63000
2788,64000
2789,64000
2790,61000
2791,61000
2792,63000
2793,54000
2794,64000
2795,54000
2796,54000
2797,54000
2798,54000
2799,35000
2800,64000
2801,54000
2802,35000
2803,54000
2804,64000
2805,54000
2806,63000
2807,54000
2808,63000
2809,63000
2810,63000
2811,64000
2812,35000
2813,63000
2814,54000
2815,54000
2816,54000
2817,54000
2818,61000
2819,63000
2820,54000
2821,63000
2822,63000
2823,63000
2824,63000
2825,54000
2826,54000
2827,63000
2828,54000
2829,61000
2830,63000
2831,63000
2832,64000
2833,64000
2834,64000
2835,61000
2836,61000
2837,64000
2838,63000
2839,64000
2840,63000
2841,63000
2842,54000
2843,54000
2844,63000
2845,54000
2846,54000
2847,30000
2848,64000
2849,64000
2850,63000
2851,54000
2852,63000
2853,64000
2854,35000
2855,54000
2856,63000
2857,63000
2858,30000
2859,63000
2860,63000
2861,63000
2862,63000
2863,63000
2864,54000
2865,63000
2866,63000
2867,54000
2868,63000
2869,54000
2870,54000
2871,63000
2872,63000
2873,64000
2874,54000
2875,61000
2876,35000
2877,63000
2878,63000
2879,63000
2880,64000
2881,63000
2882,54000
2883,63000
2884,63000
2885,64000
2886,54000
2887,63000
2888,63000
2889,63000
2890,54000
2891,63000
2892,63000
2893,64000
2894,63000
2895,63000
2896,61000
2897,63000
2898,64000
2899,63000
2900,61000
2901,61000
2902,63000
2903,64000
2904,54000
2905,63000
2906,54000
2907,54000
2908,54000
2909,63000
2910,54000
2911,63000
2912,54000
2913,54000
2914,54000
2915,35000
2916,54000
2917,54000
2918,54000
2919,54000
2920,63000
2921,63000
2922,61000
2923,64000
2924,64000
2925,64000
2926,64000
2927,63000
2928,54000
2929,54000
2930,63000
2931,54000
2932,54000
2933,54000
2934,63000
2935,63000
2936,63000
2937,54000
2938,63000
2939,63000
2940,54000
2941,64000
2942,64000
2943,64000
2944,61000
2945,61000
2946,64000
2947,64000
2948,63000
2949,63000
2950,54000
2951,63000
2952,54000
2953,64000
2954,63000
2955,63000
2956,63000
2957,64000
2958,54000
2959,54000
2960,54000
2961,54000
2962,63000
2963,63000
2964,63000
2965,63000
2966,63000
2967,63000
2968,54000
2969,63000
2970,54000
2971,54000
2972,61000
2973,64000
2974,63000
2975,64000
2976,61000
2977,64000
2978,64000
2979,61000
2980,54000
2981,35000
2982,64000
2983,54000
2984,63000
2985,63000
2986,30000
2987,64000
2988,61000
2989,64000
2990,54000
2991,61000
2992,30000
2993,63000
2994,63000
2995,54000
2996,64000
2997,54000
2998,54000
2999,54000
3000,54000
3001,64000
3002,35000
3003,61000
3004,64000
3005,63000
3006,63000
3007,63000
3008,63000
3009,54000
3010,61000
3011,63000
3012,54000
3013,64000
3014,61000
3015,30000
3016,63000
3017,54000
3018,54000
3019,63000
3020,54000
3021,63000
3022,54000
3023,63000
3024,63000
3025,63000
3026,54000
3027,54000
3028,63000
3029,54000
3030,64000
3031,63000
3032,64000
3033,64000
3034,54000
3035,63000
3036,63000
3037,63000
3038,63000
3039,54000
3040,54000
3041,63000
3042,61000
3043,64000
3044,63000
3045,54000
3046,54000
3047,54000
3048,64000
3049,63000
3050,64000
3051,63000
3052,64000
3053,63000
3054,61000
3055,63000
3056,54000
3057,63000
3058,64000
3059,54000
3060,54000
3061,54000
3062,63000
3063,54000
3064,63000
3065,54000
3066,54000
3067,64000
3068,64000
3069,64000
3070,63000
3071,64000
3072,54000
3073,54000
3074,63000
3075,54000
3076,54000
3077,64000
3078,35000
3079,54000
3080,63000
3081,63000
3082,63000
3083,54000
3084,64000
3085,63000
3086,63000
3087,54000
3088,64000
3089,61000
3090,64000
3091,35000
3092,54000
3093,63000
3094,35000
3095,63000
3096,54000
3097,54000
3098,64000
3099,63000
3100,61000
3101,64000
3102,61000
3103,61000
3104,63000
3105,54000
3106,54000
3107,63000
3108,54000
3109,63000
3110,64000
3111,54000
3112,54000
3113,54000
3114,63000
3115,63000
3116,63000
3117,54000
3118,61000
3119,63000
3120,64000
3121,54000
3122,64000
3123,64000
3124,64000
3125,61000
3126,61000
3127,64000
3128,64000
3129,54000
3130,63000
3131,64000
3132,64000
3133,64000
3134,63000
3135,54000
3136,54000
3137,63000
3138,63000
3139,61000
3140,54000
3141,30000
3142,63000
3143,63000
3144,63000
3145,54000
3146,64000
3147,63000
3148,54000
3149,63000
3150,54000
3151,63000
3152,64000
3153,64000
3154,64000
3155,61000
3156,63000
3157,63000
3158,63000
3159,54000
3160,54000
3161,64000
3162,54000
3163,35000
3164,63000
3165,54000
3166,54000
3167,63000
3168,63000
3169,63000
3170,63000
3171,54000
3172,63000
3173,63000
3174,63000
3175,54000
3176,64000
3177,61000
3178,61000
3179,64000
3180,64000
3181,61000
3182,64000
3183,54000
3184,64000
3185,63000
3186,54000
3187,54000
3188,64000
3189,64000
3190,64000
3191,54000
3192,54000
3193,63000
3194,54000
3195,63000
3196,54000
3197,54000
3198,54000
3199,54000
3200,63000
3201,54000
3202,63000
3203,63000
3204,54000
3205,63000
3206,63000
3207,54000
3208,63000
3209,54000
3210,64000
3211,64000
3212,63000
3213,64000
3214,61000
3215,61000
3216,54000
3217,63000
3218,54000
3219,54000
3220,54000
3221,63000
3222,63000
3223,64000
3224,63000
3225,54000
3226,63000
3227,63000
3228,54000
3229,63000
3230,63000
3231,63000
3232,54000
3233,63000
3234,63000
3235,54000
3236,63000
3237,54000
3238,63000
3239,61000
3240,61000
3241,63000
3242,63000
3243,64000
3244,61000
3245,64000
3246,64000
3247,54000
3248,54000
3249,63000
3250,63000
3251,63000
3252,63000
3253,54000
3254,63000
3255,63000
3256,63000
3257,54000
3258,63000
3259,63000
3260,64000
3261,63000
3262,54000
3263,54000
3264,63000
3265,54000
3266,63000
3267,63000
3268,63000
3269,54000
3270,63000
3271,54000
3272,63000
3273,63000
3274,54000
3275,64000
3276,63000
3277,63000
3278,35000
3279,63000
3280,63000
3281,54000
3282,63000
3283,63000
3284,63000
3285,64000
3286,63000
3287,54000
3288,63000
3289,64000
3290,63000
3291,63000
3292,64000
3293,64000
3294,61000
3295,64000
3296,54000
3297,61000
3298,64000
3299,63000
3300,63000
3301,64000
3302,63000
3303,64000
3304,54000
3305,64000
3306,63000
3307,64000
3308,54000
3309,63000
3310,54000
3311,63000
3312,54000
3313,54000
3314,54000
3315,54000
3316,54000
3317,63000
3318,64000
3319,35000
3320,54000
3321,54000
3322,64000
3323,54000
3324,63000
3325,63000
3326,63000
3327,63000
3328,64000
3329,54000
3330,63000
3331,64000
3332,35000
3333,63000
3334,63000
3335,54000
3336,64000
3337,64000
3338,61000
3339,61000
3340,61000
3341,64000
3342,54000
3343,63000
3344,63000
3345,63000
3346,63000
3347,54000
3348,63000
3349,63000
3350,63000
3351,61000
3352,63000
3353,61000
3354,64000
3355,64000
3356,63000
3357,63000
3358,63000
3359,35000
3360,54000
3361,63000
3362,64000
3363,63000
3364,63000
3365,54000
3366,64000
3367,64000
3368,54000
3369,63000
3370,35000
3371,63000
3372,63000
3373,63000
3374,63000
3375,54000
3376,54000
3377,54000
3378,54000
3379,63000
3380,35000
3381,35000
3382,63000
3383,64000
3384,64000
3385,54000
3386,61000
3387,54000
3388,63000
3389,54000
3390,63000
3391,63000
3392,54000
3393,63000
3394,54000
3395,54000
3396,64000
3397,54000
3398,63000
3399,64000
3400,64000
3401,64000
3402,64000
3403,61000
3404,64000
3405,61000
3406,54000
3407,61000
3408,54000
3409,30000
3410,54000
3411,64000
3412,63000
3413,64000
3414,54000
3415,35000
3416,63000
3417,63000
3418,63000
3419,54000
3420,64000
3421,54000
3422,54000
3423,54000
3424,64000
3425,54000
3426,64000
3427,64000
3428,61000
3429,54000
3430,54000
3431,54000
3432,63000
3433,63000
3434,54000
3435,54000
3436,63000
3437,54000
3438,54000
3439,61000
3440,61000
3441,63000
3442,63000
3443,35000
3444,54000
3445,63000
3446,30000
3447,63000
3448,54000
3449,63000
3450,63000
3451,63000
3452,63000
3453,63000
3454,54000
3455,63000
3456,63000
3457,54000
3458,64000
3459,61000
3460,64000
3461,61000
3462,64000
3463,64000
3464,61000
3465,63000
3466,64000
3467,54000
3468,63000
3469,63000
3470,63000
3471,35000
3472,63000
3473,63000
3474,64000
3475,54000
3476,63000
3477,64000
3478,63000
3479,54000
3480,64000
3481,54000
3482,63000
3483,63000
3484,54000
3485,35000
3486,63000
3487,64000
3488,64000
3489,54000
3490,54000
3491,63000
3492,61000
3493,64000
3494,64000
3495,61000
3496,63000
3497,54000
3498,63000
3499,63000
3500,54000
3501,63000
3502,64000
3503,64000
3504,54000
3505,54000
3506,63000
3507,54000
3508,63000
3509,63000
3510,30000
3511,63000
3512,54000
3513,54000
3514,54000
3515,54000
3516,63000
3517,54000
3518,54000
3519,54000
3520,54000
3521,64000
3522,64000
3523,64000
3524,63000
3525,61000
3526,64000
3527,64000
3528,63000
3529,54000
3530,54000
3531,64000
3532,64000
3533,64000
3534,30000
3535,63000
3536,54000
3537,63000
3538,63000
3539,63000
3540,61000
3541,63000
3542,63000
3543,64000
3544,61000
3545,63000
3546,61000
3547,63000
3548,64000
3549,64000
3550,63000
3551,63000
3552,63000
3553,63000
3554,54000
3555,63000
3556,63000
3557,35000
3558,63000
3559,63000
3560,63000
3561,54000
3562,64000
3563,63000
3564,61000
3565,64000
3566,64000
3567,64000
3568,63000
3569,63000
3570,54000
3571,63000
3572,54000
3573,35000
3574,63000
3575,54000
3576,54000
3577,54000
3578,63000
3579,64000
3580,61000
3581,64000
3582,64000
3583,64000
3584,63000
3585,64000
3586,54000
3587,63000
3588,54000
3589,63000
3590,63000
3591,63000
3592,63000
3593,54000
3594,63000
3595,63000
3596,54000
3597,63000
3598,54000
3599,54000
3600,63000
3601,54000
3602,54000
3603,63000
3604,64000
3605,64000
3606,61000
3607,64000
3608,61000
3609,63000
3610,54000
3611,64000
3612,61000
3613,63000
3614,63000
3615,63000
3616,63000
3617,64000
3618,64000
3619,64000
3620,64000
3621,54000
3622,54000
3623,61000
3624,64000
3625,63000
3626,64000
3627,54000
3628,54000
3629,35000
3630,54000
3631,63000
3632,63000
3633,64000
3634,64000
3635,64000
3636,35000
3637,54000
3638,63000
3639,54000
3640,63000
3641,63000
3642,54000
3643,54000
3644,54000
3645,64000
3646,61000
3647,64000
3648,63000
3649,64000
3650,64000
3651,61000
3652,64000
3653,61000
3654,63000
3655,63000
3656,54000
3657,63000
3658,63000
3659,64000
3660,54000
3661,35000
3662,64000
3663,64000
3664,63000
3665,64000
3666,63000
3667,63000
3668,63000
3669,63000
3670,63000
3671,54000
3672,54000
3673,63000
3674,61000
3675,64000
3676,61000
3677,57000
3678,63000
3679,63000
3680,63000
3681,63000
3682,54000
3683,54000
3684,63000
3685,54000
3686,54000
3687,54000
3688,54000
3689,63000
3690,54000
3691,64000
3692,64000
3693,63000
3694,63000
3695,64000
3696,64000
3697,64000
3698,64000
3699,64000
3700,61000
3701,64000
3702,64000
3703,54000
3704,63000
3705,63000
3706,63000
3707,63000
3708,64000
3709,54000
3710,54000
3711,63000
3712,63000
3713,63000
3714,54000
3715,63000
3716,63000
3717,63000
3718,63000
3719,64000
3720,64000
3721,61000
3722,63000
3723,61000
3724,64000
3725,63000
3726,63000
3727,54000
3728,63000
3729,54000
3730,63000
3731,63000
3732,63000
3733,54000
3734,63000
3735,54000
3736,54000
3737,63000
3738,54000
3739,61000
3740,63000
3741,64000
3742,35000
3743,35000
3744,63000
3745,54000
3746,63000
3747,63000
3748,63000
3749,64000
3750,54000
3751,63000
3752,54000
3753,54000
3754,63000
3755,64000
3756,64000
3757,63000
3758,54000
3759,63000
3760,54000
3761,54000
3762,63000
3763,64000
3764,63000
3765,54000
3766,61000
3767,63000
3768,61000
3769,61000
3770,61000
3771,54000
3772,64000
3773,63000
3774,64000
3775,54000
3776,63000
3777,63000
3778,64000
3779,54000
3780,63000
3781,54000
3782,54000
3783,54000
3784,63000
3785,54000
3786,63000
3787,54000
3788,54000
3789,54000
3790,64000
3791,64000
3792,61000
3793,61000
3794,61000
3795,64000
3796,64000
3797,63000
3798,54000
3799,63000
3800,54000
3801,61000
3802,64000
3803,64000
3804,63000
3805,63000
3806,35000
3807,35000
3808,63000
3809,63000
3810,35000
3811,54000
3812,54000
3813,64000
3814,54000
3815,63000
3816,63000
3817,54000
3818,64000
3819,63000
3820,63000
3821,64000
3822,64000
3823,63000
3824,63000
3825,61000
3826,54000
3827,54000
3828,63000
3829,63000
3830,54000
3831,63000
3832,64000
3833,63000
3834,54000
3835,54000
3836,63000
3837,54000
3838,63000
3839,64000
3840,64000
3841,64000
3842,61000
3843,63000
3844,63000
3845,63000
3846,63000
3847,63000
3848,64000
3849,54000
3850,63000
3851,54000
3852,63000
3853,54000
3854,35000
3855,54000
3856,63000
3857,64000
3858,63000
3859,54000
3860,61000
3861,61000
3862,63000
3863,61000
3864,63000
3865,63000
3866,63000
3867,54000
3868,63000
3869,54000
3870,61000
3871,64000
3872,64000
3873,63000
3874,63000
3875,63000
3876,54000
3877,54000
3878,54000
3879,63000
3880,35000
3881,63000
3882,63000
3883,63000
3884,54000
3885,54000
3886,54000
3887,63000
3888,54000
3889,63000
3890,63000
3891,63000
3892,63000
3893,35000
3894,63000
3895,63000
3896,54000
3897,64000
3898,61000
3899,64000
3900,54000
3901,64000
3902,61000
3903,63000
3904,61000
3905,64000
3906,61000
3907,61000
3908,54000
3909,63000
3910,54000
3911,63000
3912,63000
3913,54000
3914,63000
3915,54000
3916,63000
3917,54000
3918,54000
3919,54000
3920,63000
3921,63000
3922,63000
3923,64000
3924,63000
3925,61000
3926,63000
3927,63000
3928,64000
3929,54000
3930,63000
3931,63000
3932,54000
3933,63000
3934,54000
3935,63000
3936,64000
3937,64000
3938,64000
3939,63000
3940,61000
3941,61000
3942,63000
3943,64000
3944,54000
3945,63000
3946,63000
3947,64000
3948,30000
3949,35000
3950,64000
3951,54000
3952,63000
3953,64000
3954,61000
3955,64000
3956,63000
3957,54000
3958,63000
3959,63000
3960,54000
3961,64000
3962,54000
3963,63000
3964,63000
3965,64000
3966,35000
3967,35000
3968,64000
3969,63000
3970,61000
3971,64000
3972,63000
3973,54000
3974,54000
3975,63000
3976,63000
3977,63000
3978,63000
3979,64000
3980,64000
3981,63000
3982,61000
3983,54000
3984,54000
3985,63000
3986,50000
